date_epoch,equity
17896,0.999
17898,0.9887789917787697
17899,1.0292705384720846
17900,0.9654728052647368
17903,0.9311144009569017
17904,0.9311144009569017
17905,0.9311144009569017
17906,0.9311144009569017
17907,0.9311144009569017
17910,0.9311144009569017
17911,0.9311144009569017
17912,0.9311144009569017
17913,0.9311144009569017
17914,0.9311144009569017
17918,0.9301832865559447
17919,0.9676108195817245
17920,0.9352246565138808
17921,0.9352246565138808
17924,0.9352246565138808
17925,0.9352246565138808
17926,0.9352246565138808
17927,0.9342894318573669
17928,0.9344072775376039
17931,0.9344072775376039
17932,0.9344072775376039
17933,0.9344072775376039
17934,0.9334728702600663
17935,0.9482640452368987
17938,0.9473157811916618
17939,0.9462853362057257
17940,0.9484235991169809
17941,0.947475175517864
17942,0.9248196299574056
17946,0.8961305292837605
17947,0.9012807001955576
17948,0.7468279392162933
17949,0.7277507792991937
17952,0.728574759147757
17953,0.7254780162920476
17954,0.7145171936795007
17955,0.7138026764858212
17956,0.7039222172144021
17959,0.7039222172144021
17960,0.7039222172144021
17961,0.7039222172144021
17962,0.7039222172144021
17963,0.7039222172144021
17966,0.7039222172144021
17967,0.7039222172144021
17968,0.7039222172144021
17969,0.7039222172144021
17970,0.7039222172144021
17973,0.7039222172144021
17974,0.7039222172144021
17975,0.7039222172144021
17976,0.7039222172144021
17977,0.7032182949971877
17980,0.7013136879365977
17981,0.68700117576548
17982,0.6857887310801039
17983,0.6819631607812134
17984,0.6698172963129168
17987,0.6525242835943283
17988,0.6618304110743964
17989,0.6655854786265671
17990,0.6612178651973787
17991,0.6668404305147828
17994,0.6767534570100745
17995,0.6795028837157298
17996,0.670395316649342
17997,0.6543967996615911
17998,0.6452084485274691
18001,0.6578945515404506
18002,0.6642133067415193
18003,0.6573931952498949
18004,0.6574781553572782
18008,0.6574781553572782
18009,0.6574781553572782
18010,0.6574781553572782
18011,0.6574781553572782
18012,0.6574781553572782
18015,0.6574781553572782
18016,0.6574781553572782
18017,0.6568206772019208
18018,0.6353332620382101
18019,0.6353332620382101
18022,0.6353332620382101
18023,0.6346979287761718
18024,0.6454400690843101
18025,0.6382831365788391
18026,0.6506251558061314
18029,0.6678576902646453
18030,0.6648293749927485
18031,0.6704312535012591
18032,0.673076399702674
18033,0.6989166030286049
18036,0.7013526115483262
18037,0.7017986407835793
18038,0.7268070813571381
18039,0.7363986839808409
18040,0.7376319542609856
18044,0.7376319542609856
18045,0.7376319542609856
18046,0.7376319542609856
18047,0.7376319542609856
18050,0.7376319542609856
18051,0.7376319542609856
18052,0.7376319542609856
18053,0.7376319542609856
18054,0.7376319542609856
18057,0.7376319542609856
18058,0.7376319542609856
18059,0.7376319542609856
18060,0.7368943223067246
18061,0.7499806579047382
18064,0.7540418173284236
18065,0.7766044180547192
18066,0.7808913710756996
18067,0.7845013509562243
18068,0.7738969784389289
18071,0.785629548934444
18072,0.7960082637382543
18073,0.7806657133622145
18074,0.786080773772208
18075,0.7933008241224639
18078,0.7877693454395971
18079,0.7877693454395971
18080,0.7877693454395971
18082,0.7877693454395971
18085,0.7877693454395971
18086,0.7877693454395971
18087,0.7869815760941575
18088,0.7700012192527784
18089,0.7634959533042129
18092,0.7510060215663146
18093,0.7510060215663146
18094,0.7510060215663146
18095,0.7510060215663146
18096,0.7510060215663146
18099,0.7510060215663146
18100,0.7510060215663146
18101,0.7510060215663146
18102,0.7510060215663146
18103,0.7510060215663146
18106,0.7510060215663146
18107,0.7510060215663146
18108,0.7502550155447483
18109,0.7271639598106722
18110,0.7155097843179777
18113,0.7147942745336597
18114,0.7096515201834153
18115,0.76189063558751
18116,0.7467257943882722
18117,0.7467257943882722
18120,0.745979068593884
18121,0.750796761210801
18122,0.8026821208992323
18123,0.8324766345297245
18124,0.8238976805949175
18127,0.8316791430500322
18128,0.8313619057090001
18129,0.8475264450435157
18130,0.8560939915097627
18131,0.8819852221646826
18134,0.8748407467697644
18135,0.902607919251545
18136,0.9033569266044069
18137,0.8770965433874611
18138,0.877450546631812
18142,0.8955167314939178
18143,0.8907179931807584
18144,0.85638938264568
18145,0.8655178876935722
18148,0.7864262935236986
18149,0.7576721233853905
18150,0.7360684605690362
18151,0.7360684605690362
18152,0.7360684605690362
18155,0.7360684605690362
18156,0.7360684605690362
18157,0.7360684605690362
18158,0.7360684605690362
18159,0.7353323921084671
18162,0.7436195557105534
18163,0.7428759361548428
18164,0.7233570517274566
18165,0.7233570517274566
18166,0.7233570517274566
18169,0.7233570517274566
18170,0.7233570517274566
18171,0.7226336946757291
18172,0.7219110609810534
18173,0.7219110609810534
18176,0.7219110609810534
18177,0.7219110609810534
18178,0.7219110609810534
18179,0.7219110609810534
18180,0.7219110609810534
18183,0.7219110609810534
18184,0.7219110609810534
18185,0.7219110609810534
18186,0.7219110609810534
18187,0.7219110609810534
18190,0.7219110609810534
18191,0.7219110609810534
18192,0.7219110609810534
18193,0.7219110609810534
18194,0.7219110609810534
18197,0.7219110609810534
18198,0.7219110609810534
18199,0.7219110609810534
18200,0.7219110609810534
18201,0.7211891499200723
18204,0.6996769154455426
18205,0.6996769154455426
18206,0.6996769154455426
18207,0.6996769154455426
18208,0.6996769154455426
18211,0.6996769154455426
18212,0.6996769154455426
18213,0.6996769154455426
18214,0.6996769154455426
18215,0.6996769154455426
18218,0.6996769154455426
18219,0.6996769154455426
18220,0.6996769154455426
18221,0.6996769154455426
18222,0.6996769154455426
18225,0.6996769154455426
18226,0.6996769154455426
18227,0.6996769154455426
18229,0.6996769154455426
18232,0.6996769154455426
18233,0.6996769154455426
18234,0.6996769154455426
18235,0.6996769154455426
18236,0.6996769154455426
18239,0.698977238530097
18240,0.7055295252396062
18241,0.7055295252396062
18242,0.7048239957143666
18243,0.7086518033790815
18246,0.7086518033790815
18247,0.7086518033790815
18248,0.7086518033790815
18249,0.7086518033790815
18250,0.7079431515757024
18253,0.7090193589120604
18254,0.7089561676608012
18256,0.7089561676608012
18257,0.7082472114931404
18260,0.7019059891887895
18261,0.7113563272179063
18263,0.6873061092320558
18264,0.7009162254681867
18267,0.6966253378759312
18268,0.6934462707225055
18269,0.6808458319976802
18270,0.6417609708486721
18271,0.6607159239993938
18274,0.6373514931018534
18275,0.6237908474239087
18276,0.6349054598955024
18277,0.6340194804748371
18278,0.6497462881219337
18282,0.6562456283434623
18283,0.6587084865003553
18284,0.6577540553227282
18285,0.6646056314101405
18288,0.6927834206825096
18289,0.6714182395286231
18290,0.6751968895790134
18291,0.679420630520822
18292,0.6908258253566568
18295,0.6895030576187037
18296,0.6895030576187037
18297,0.6895030576187037
18298,0.688813554561085
18299,0.6943033245311584
18302,0.6936090212066273
18303,0.7170141614454795
18304,0.7593662915611392
18305,0.7705115928853098
18306,0.7671679801137762
18310,0.7675394677836327
18311,0.8020899093466555
18312,0.9350904753160472
18313,0.8905092700193651
18316,0.8201082173392923
18317,0.7471064526464574
18318,0.6690894179582053
18319,0.5947874091304017
18320,0.6014745973829984
18323,0.5990155352744494
18324,0.5990155352744494
18325,0.5990155352744494
18326,0.598416519739175
18327,0.6162222815597598
18330,0.6938565996844327
18331,0.6599697300023949
18332,0.740825033698536
18333,0.888913687655958
18334,0.7469621868341937
18337,0.9008339233007238
18338,1.036274026719658
18339,1.4089914937939254
18340,1.064893302860135
18341,0.9218808414174324
18344,0.7186976628368494
18345,0.4768076240941915
18346,0.4946446498111041
18347,0.5181718057381507
18348,0.5740283394578505
18351,0.6206558976486037
18352,0.6003670091307518
18353,0.6457184468699547
18354,0.7256166874971108
18355,0.7694372604555877
18358,0.6399856347927154
18359,0.5617996375032318
18360,0.5395220676010096
18361,0.4822773677728615
18365,0.5173520782553517
18366,0.5281958510659378
18367,0.5365856757913887
18368,0.5872600656615032
18369,0.5866728055958418
18372,0.6078301995773404
18373,0.6072223693777631
18374,0.6375113899746542
18375,0.6369801089750958
18376,0.5802300012484993
18379,0.48618663255864225
18380,0.44396515431686956
18381,0.4310654578945402
18382,0.44425098912857564
18383,0.5137999939899406
18386,0.5112124813893304
18387,0.51450589097821
18388,0.5667719713653537
18389,0.5404105140321123
18390,0.47042631229063514
18393,0.5214902100516472
18394,0.5564149900155021
18395,0.6258534318867336
18396,0.5576103144622923
18397,0.5585474655640739
18400,0.42361219047361026
18401,0.4534804384677424
18402,0.3989040329037107
18403,0.36734073989553434
18404,0.3669733991556388
18408,0.32549130753361283
18409,0.266724521478406
18410,0.2903982678852752
18411,0.26820470658353757
18414,0.26820470658353757
18415,0.26820470658353757
18416,0.26820470658353757
18417,0.26820470658353757
18418,0.267936501876954
18421,0.27518263070074367
18422,0.24796888043999385
18423,0.24796888043999385
18424,0.24772091155955386
18425,0.21433650371404153
18428,0.21433650371404153
18429,0.21433650371404153
18430,0.21433650371404153
18431,0.21433650371404153
18432,0.21433650371404153
18435,0.21433650371404153
18436,0.21433650371404153
18437,0.21433650371404153
18438,0.21433650371404153
18439,0.21433650371404153
18442,0.21433650371404153
18443,0.21433650371404153
18444,0.21433650371404153
18445,0.21412216721032748
18449,0.2056471732429664
18450,0.2056471732429664
18451,0.2056471732429664
18452,0.2056471732429664
18453,0.2056471732429664
18456,0.2056471732429664
18457,0.2056471732429664
18458,0.2056471732429664
18459,0.2056471732429664
18460,0.2056471732429664
18463,0.2056471732429664
18464,0.2056471732429664
18465,0.2056471732429664
18466,0.2056471732429664
18467,0.2056471732429664
18470,0.2056471732429664
18471,0.2056471732429664
18472,0.2056471732429664
18473,0.2056471732429664
18474,0.2056471732429664
18477,0.2056471732429664
18478,0.2056471732429664
18479,0.2056471732429664
18480,0.2056471732429664
18481,0.2056471732429664
18484,0.2056471732429664
18485,0.2056471732429664
18486,0.2056471732429664
18487,0.2056471732429664
18488,0.2056471732429664
18491,0.2056471732429664
18492,0.2056471732429664
18493,0.2056471732429664
18494,0.2056471732429664
18495,0.2056471732429664
18498,0.2056471732429664
18499,0.2056471732429664
18500,0.2056471732429664
18501,0.2056471732429664
18502,0.2056471732429664
18505,0.2056471732429664
18506,0.2056471732429664
18507,0.2056471732429664
18508,0.2056471732429664
18509,0.2056471732429664
18513,0.2056471732429664
18514,0.2056471732429664
18515,0.2056471732429664
18516,0.2056471732429664
18519,0.2056471732429664
18520,0.2056471732429664
18521,0.2056471732429664
18522,0.2056471732429664
18523,0.2056471732429664
18526,0.2056471732429664
18527,0.2056471732429664
18528,0.2056471732429664
18529,0.2056471732429664
18530,0.2056471732429664
18533,0.2056471732429664
18534,0.2056471732429664
18535,0.2056471732429664
18536,0.2056471732429664
18537,0.2056471732429664
18540,0.2056471732429664
18541,0.2056471732429664
18542,0.2056471732429664
18543,0.2056471732429664
18544,0.2056471732429664
18547,0.2056471732429664
18548,0.2056471732429664
18549,0.2056471732429664
18550,0.2056471732429664
18551,0.2056471732429664
18554,0.2056471732429664
18555,0.20544152606972343
18556,0.211755323075566
18557,0.211755323075566
18558,0.21154356775249042
18561,0.19231509997565227
18562,0.19231509997565227
18563,0.19231509997565227
18564,0.1921227848756766
18565,0.1762608605801765
18568,0.15959450818427545
18569,0.15917345995295928
18570,0.15901428649300633
18571,0.1369305217166711
18572,0.1425573056569329
18575,0.14241474835127596
18576,0.13960370293265878
18577,0.13960370293265878
18578,0.13960370293265878
18579,0.13960370293265878
18582,0.13960370293265878
18583,0.13960370293265878
18584,0.13960370293265878
18585,0.13960370293265878
18586,0.13960370293265878
18589,0.13960370293265878
18590,0.13960370293265878
18591,0.13960370293265878
18593,0.13960370293265878
18596,0.13960370293265878
18597,0.13960370293265878
18598,0.13960370293265878
18599,0.13960370293265878
18600,0.13960370293265878
18603,0.13960370293265878
18604,0.13960370293265878
18605,0.13960370293265878
18606,0.13960370293265878
18607,0.13960370293265878
18610,0.13960370293265878
18611,0.13960370293265878
18612,0.13960370293265878
18613,0.13960370293265878
18614,0.13960370293265878
18617,0.13960370293265878
18618,0.13960370293265878
18619,0.13960370293265878
18620,0.13960370293265878
18624,0.13960370293265878
18625,0.13960370293265878
18626,0.13960370293265878
18627,0.13960370293265878
18631,0.13960370293265878
18632,0.13960370293265878
18633,0.13960370293265878
18634,0.13960370293265878
18635,0.13960370293265878
18638,0.13960370293265878
18639,0.13960370293265878
18640,0.13960370293265878
18641,0.13960370293265878
18642,0.13960370293265878
18646,0.13960370293265878
18647,0.13960370293265878
18648,0.13960370293265878
18649,0.13960370293265878
18652,0.13960370293265878
18653,0.13960370293265878
18654,0.13960370293265878
18655,0.13960370293265878
18656,0.13960370293265878
18659,0.13960370293265878
18660,0.13960370293265878
18661,0.13960370293265878
18662,0.13960370293265878
18663,0.13960370293265878
18666,0.13960370293265878
18667,0.13960370293265878
18668,0.13960370293265878
18669,0.13960370293265878
18670,0.13960370293265878
18674,0.13960370293265878
18675,0.1394640992297261
18676,0.1433307286178631
18677,0.14318739788924525
18680,0.14832746286199444
18681,0.16007616426813517
18682,0.1640281495163211
18683,0.1640281495163211
18684,0.1640281495163211
18687,0.1640281495163211
18688,0.1640281495163211
18689,0.1640281495163211
18690,0.1640281495163211
18691,0.16386412136680478
18694,0.17037785907100345
18695,0.17037785907100345
18696,0.17037785907100345
18697,0.17037785907100345
18698,0.17037785907100345
18701,0.17037785907100345
18702,0.17037785907100345
18703,0.17037785907100345
18704,0.17037785907100345
18705,0.17037785907100345
18708,0.17037785907100345
18709,0.17037785907100345
18710,0.17037785907100345
18711,0.17037785907100345
18712,0.17037785907100345
18715,0.17020748121193244
18716,0.18629724929819394
18717,0.18629724929819394
18718,0.18629724929819394
18722,0.18629724929819394
18723,0.18629724929819394
18724,0.18629724929819394
18725,0.18629724929819394
18726,0.18629724929819394
18729,0.18629724929819394
18730,0.18629724929819394
18731,0.18629724929819394
18732,0.18629724929819394
18733,0.18629724929819394
18736,0.18629724929819394
18737,0.18611095204889574
18738,0.17521305242158625
18739,0.17521305242158625
18740,0.17521305242158625
18743,0.17521305242158625
18744,0.17521305242158625
18745,0.17521305242158625
18746,0.17521305242158625
18747,0.17521305242158625
18750,0.17503783936916467
18751,0.1861682280800742
18752,0.18461957727085052
18753,0.18461957727085052
18754,0.18461957727085052
18757,0.18461957727085052
18758,0.18461957727085052
18759,0.18443495769357968
18760,0.17625070862776035
18761,0.17625070862776035
18764,0.17625070862776035
18765,0.17625070862776035
18766,0.17625070862776035
18767,0.17625070862776035
18768,0.17625070862776035
18771,0.17625070862776035
18772,0.17625070862776035
18773,0.17625070862776035
18774,0.17625070862776035
18775,0.17625070862776035
18779,0.17625070862776035
18780,0.17625070862776035
18781,0.17625070862776035
18782,0.1760744579191326
18785,0.16819550218016957
18786,0.16819550218016957
18787,0.16819550218016957
18788,0.1680273066779894
18789,0.15396062838318994
18792,0.1581196605158485
18793,0.1581196605158485
18794,0.15796154085533265
18795,0.167565496985995
18796,0.1708765716923566
18799,0.16582593850178434
18800,0.17212035950317048
18801,0.16524326187183433
18802,0.16843089759703722
18803,0.16826246669944017
18806,0.17355517339568718
18807,0.1713622364820763
18808,0.1713622364820763
18809,0.1713622364820763
18810,0.1713622364820763
18814,0.1713622364820763
18815,0.17119087424559423
18816,0.18143539030132222
18817,0.17173861038774735
18820,0.17259372103882384
18821,0.17681870049642562
18822,0.17779923682987211
18823,0.17318882845592593
18824,0.17860170278872428
18827,0.18499018183817062
18828,0.17199188486749323
18829,0.16357580508012487
18830,0.16238876956769555
18831,0.15861219015690753
18834,0.15861219015690753
18835,0.15861219015690753
18836,0.1584535779667506
18837,0.15114868968694098
18838,0.15566616072943326
18841,0.14970430086524267
18842,0.14294548386875283
18843,0.1666105877216486
18844,0.1499606461897095
18845,0.14788695463951781
18848,0.15487610531566182
18849,0.14285634441042627
18850,0.14219042484140396
18851,0.13730835107821995
18852,0.13293516917600418
18855,0.13215497688658745
18856,0.133982744561396
18857,0.1306210570509191
18858,0.1342649353185824
18859,0.13596261892644623
18862,0.13432743445852657
18863,0.13383836659431836
18864,0.13383836659431836
18865,0.13370452822772405
18866,0.13018113191165212
18869,0.13005095077974047
18870,0.1286312100133582
18871,0.12520105078690089
18872,0.12275535109092524
18873,0.12605718434900817
18877,0.12593112716465915
18878,0.12061657100675977
18879,0.11910663706098033
18880,0.11898753042391935
18883,0.11382773635956124
18884,0.11382773635956124
18885,0.11382773635956124
18886,0.11371390862320167
18887,0.11770811437526589
18890,0.11807200027766065
18891,0.11807200027766065
18892,0.11807200027766065
18893,0.11807200027766065
18894,0.11807200027766065
18897,0.11795392827738299
18898,0.11788505146366447
18899,0.11788505146366447
18900,0.11788505146366447
18901,0.11788505146366447
18904,0.11788505146366447
18905,0.11788505146366447
18906,0.11788505146366447
18907,0.11788505146366447
18908,0.11776716641220081
18911,0.121253992761895
18912,0.12113273876913311
18913,0.11834508003274352
18914,0.11623658019232146
18915,0.11910542134711127
18918,0.11898631592576416
18919,0.11942221328550413
18920,0.12047439472595971
18921,0.1258931056077314
18922,0.12623882771204087
18925,0.1327623212607661
18926,0.1277344261460382
18927,0.12475074891184532
18928,0.12908721188799246
18929,0.13025212748528392
18932,0.12886175564435887
18933,0.26843318376789804
18934,0.22403125492307785
18935,0.20452839063092731
18936,0.2235577714643671
18939,0.2202809974924391
18940,0.1876484422010566
18941,0.19080498652242328
18942,0.2030703782959007
18943,0.2004848634264857
18946,0.2004848634264857
18947,0.2004848634264857
18948,0.2004848634264857
18949,0.2004848634264857
18950,0.2004848634264857
18953,0.2004848634264857
18954,0.2004848634264857
18955,0.2004848634264857
18957,0.2002843785630592
18960,0.18905579898452166
18961,0.20799484567929558
18962,0.22414419582267148
18963,0.21100193867613878
18964,0.21643200761338957
18967,0.2130515683884964
18968,0.22304161195648434
18969,0.22719618836213748
18970,0.22897236740970983
18971,0.231046245365858
18974,0.23982482903433364
18975,0.24866333261111384
18976,0.2481133405442326
18977,0.25939320789350795
18978,0.25905737218755925
18981,0.263483861965372
18982,0.24770894476024877
18983,0.24770894476024877
18984,0.24770894476024877
18988,0.24770894476024877
18989,0.2474612358154885
18990,0.25187368484755684
18991,0.25378808129879465
18992,0.2508415324327173
18995,0.25707113923762165
18996,0.2566770437553598
18997,0.26634696187872897
18998,0.2593773851624946
18999,0.26319023863539653
19002,0.25979783783975574
19003,0.26080006398864025
19004,0.26969320988695483
19005,0.2698757759133679
19006,0.2651088072949092
19010,0.26839364758009
19011,0.275629094065943
19012,0.27796405541403135
19013,0.2944089113952722
19016,0.292155732233345
19017,0.3035981913142104
19018,0.29996261964680576
19019,0.31228985251460106
19020,0.3105433053854924
19023,0.2900330116009462
19024,0.2900330116009462
19025,0.2900330116009462
19026,0.2900330116009462
19027,0.2900330116009462
19030,0.2897429785893452
19031,0.2888332197811329
19032,0.2888332197811329
19033,0.2888332197811329
19034,0.2888332197811329
19037,0.2885443865613518
19038,0.3233102036287968
19039,0.31628470010627635
19040,0.3159684154061701
19041,0.32503491852258803
19045,0.34450256140624097
19046,0.3475172859079561
19047,0.30512356386652356
19048,0.2828431199685026
19051,0.2774536908275693
19052,0.28220292937609337
19053,0.26883579443682876
19054,0.26883579443682876
19055,0.26883579443682876
19058,0.26856695864239194
19059,0.24684002318646944
19060,0.21942288434704565
19061,0.21942288434704565
19062,0.21942288434704565
19065,0.21920346146269862
19066,0.19996824262923144
19067,0.1997682743866022
19068,0.1878516559399236
19069,0.18766380428398366
19072,0.1952862207798015
19073,0.18942684069748528
19074,0.19731469532959095
19075,0.19731469532959095
19076,0.19711738063426135
19079,0.1997344126334477
19080,0.19144920529562318
19081,0.19125775609032755
19082,0.1859578597118198
19083,0.18577190185210798
19086,0.16926073104124073
19087,0.17345437325499605
19088,0.19242897429259292
19089,0.18833741214008862
19090,0.19336485237179973
19093,0.19336485237179973
19094,0.19336485237179973
19095,0.19336485237179973
19096,0.19336485237179973
19100,0.19336485237179973
19101,0.19336485237179973
19102,0.19317148751942792
19103,0.18656789224480785
19104,0.18656789224480785
19107,0.18638132435256305
19108,0.16991999705300223
19109,0.16991999705300223
19110,0.16991999705300223
19111,0.16991999705300223
19114,0.16975007705594922
19115,0.172605860807278
19116,0.17602113596823737
19117,0.17602113596823737
19118,0.17602113596823737
19121,0.17602113596823737
19122,0.17602113596823737
19123,0.17602113596823737
19124,0.17602113596823737
19125,0.17584511483226914
19128,0.17366333385950472
19129,0.17366333385950472
19130,0.1734896705256452
19131,0.17956330198390275
19132,0.18459891076082127
19135,0.17411560320316777
19136,0.18292515655349378
19137,0.17879691532324635
19138,0.17879691532324635
19139,0.17879691532324635
19143,0.17879691532324635
19144,0.17879691532324635
19145,0.17879691532324635
19146,0.17879691532324635
19149,0.17879691532324635
19150,0.17879691532324635
19151,0.17879691532324635
19152,0.17879691532324635
19153,0.17879691532324635
19156,0.1786181184079231
19157,0.17696788053434764
19158,0.1767909126538133
19159,0.18967425202218247
19160,0.1892013276913996
19164,0.1901767761411768
19165,0.18998659936503565
19166,0.18788407925419978
19167,0.18769619517494557
19170,0.18889916396348996
19171,0.19733245737471308
19172,0.19713512491733837
19173,0.20139212900879302
19174,0.20139212900879302
19178,0.20119073687978423
19179,0.20969122509041788
19180,0.1981472336247961
19181,0.1981472336247961
19184,0.1981472336247961
19185,0.1981472336247961
19186,0.1981472336247961
19187,0.1981472336247961
19188,0.1981472336247961
19191,0.1981472336247961
19192,0.1981472336247961
19193,0.1981472336247961
19194,0.1981472336247961
19195,0.1981472336247961
19198,0.1981472336247961
19199,0.19794908639117131
19200,0.1868326676950376
19201,0.1868326676950376
19202,0.1868326676950376
19205,0.18664583502734255
19206,0.19545814478623363
19207,0.18584887415899418
19208,0.18584887415899418
19209,0.18584887415899418
19212,0.18584887415899418
19213,0.18584887415899418
19214,0.18584887415899418
19215,0.18584887415899418
19216,0.18584887415899418
19219,0.18584887415899418
19220,0.18584887415899418
19221,0.18584887415899418
19222,0.18584887415899418
19223,0.18584887415899418
19226,0.18584887415899418
19227,0.18584887415899418
19228,0.18584887415899418
19229,0.18584887415899418
19230,0.18584887415899418
19233,0.18584887415899418
19234,0.18584887415899418
19235,0.1856630252848352
19236,0.18749617017030054
19237,0.18749617017030054
19241,0.18730867400013024
19242,0.19032558995616497
19243,0.19032558995616497
19244,0.19032558995616497
19247,0.19032558995616497
19248,0.1901352643662088
19249,0.19213765276415792
19250,0.18589229293289866
19251,0.18570640063996577
19254,0.19436765608767181
19255,0.1889160234661545
19256,0.18872710744268834
19257,0.17427493267525573
19258,0.17427493267525573
19261,0.17427493267525573
19262,0.1741006577425805
19263,0.18632305855008527
19264,0.17154386280833575
19265,0.17737431465613768
19268,0.18843964256922893
19269,0.1882512029266597
19270,0.19468929683049
19271,0.19468929683049
19272,0.1944946075336595
19275,0.19620486147604133
19276,0.19620486147604133
19277,0.19620486147604133
19278,0.19620486147604133
19279,0.19620486147604133
19282,0.19620486147604133
19283,0.19620486147604133
19284,0.19620486147604133
19285,0.19620486147604133
19286,0.19620486147604133
19289,0.1960086566145653
19290,0.20481364600867538
19291,0.2079912516025163
19292,0.21401421145523797
19293,0.21380019724378274
19296,0.2077553911197665
19297,0.19375039299087699
19298,0.1923793057990982
19299,0.1921869264932991
19300,0.1937597676875897
19303,0.1937597676875897
19304,0.1937597676875897
19305,0.1937597676875897
19306,0.1937597676875897
19307,0.1937597676875897
19310,0.1937597676875897
19311,0.1937597676875897
19312,0.1937597676875897
19313,0.1937597676875897
19314,0.1937597676875897
19317,0.1937597676875897
19318,0.1937597676875897
19319,0.1937597676875897
19321,0.1937597676875897
19324,0.1937597676875897
19325,0.1937597676875897
19326,0.1935660079199021
19327,0.19772682310593725
19328,0.19772682310593725
19331,0.19772682310593725
19332,0.19752909628283133
19333,0.20173271667104134
19334,0.20572621529563379
19335,0.20572621529563379
19338,0.20572621529563379
19339,0.20572621529563379
19340,0.20572621529563379
19341,0.20572621529563379
19342,0.20552048908033815
19345,0.2110728764430276
19346,0.2110728764430276
19347,0.2110728764430276
19348,0.2110728764430276
19349,0.2110728764430276
19353,0.2110728764430276
19354,0.2110728764430276
19355,0.2110728764430276
19356,0.2110728764430276
19360,0.2110728764430276
19361,0.2110728764430276
19362,0.2110728764430276
19363,0.2110728764430276
19366,0.2110728764430276
19367,0.2110728764430276
19368,0.2110728764430276
19369,0.2110728764430276
19370,0.2110728764430276
19374,0.2110728764430276
19375,0.2110728764430276
19376,0.2110728764430276
19377,0.2110728764430276
19380,0.2110728764430276
19381,0.2110728764430276
19382,0.2110728764430276
19383,0.2110728764430276
19384,0.2110728764430276
19387,0.2110728764430276
19388,0.2110728764430276
19389,0.2110728764430276
19390,0.2110728764430276
19391,0.2110728764430276
19394,0.2110728764430276
19395,0.2110728764430276
19396,0.2110728764430276
19397,0.2110728764430276
19398,0.2110728764430276
19401,0.2110728764430276
19402,0.21086180356658457
19403,0.212889194418273
19404,0.212889194418273
19405,0.212889194418273
19409,0.212889194418273
19410,0.212889194418273
19411,0.212889194418273
19412,0.212889194418273
19415,0.212889194418273
19416,0.212889194418273
19417,0.212889194418273
19418,0.212889194418273
19419,0.212889194418273
19422,0.212889194418273
19423,0.212889194418273
19424,0.212889194418273
19425,0.212889194418273
19426,0.212889194418273
19429,0.212889194418273
19430,0.212889194418273
19431,0.212889194418273
19432,0.212889194418273
19433,0.21267630522385472
19436,0.2103415188234145
19437,0.2103415188234145
19438,0.2103415188234145
19439,0.2103415188234145
19440,0.2103415188234145
19443,0.2103415188234145
19444,0.2103415188234145
19445,0.2103415188234145
19446,0.2103415188234145
19447,0.2103415188234145
19450,0.2103415188234145
19451,0.2103415188234145
19452,0.2103415188234145
19453,0.2103415188234145
19457,0.2103415188234145
19458,0.2103415188234145
19459,0.2101311773045911
19460,0.21412662399211285
19461,0.21412662399211285
19464,0.21412662399211285
19465,0.21391249736812074
19466,0.21163172120767856
19467,0.22026842065994184
19468,0.22026842065994184
19471,0.22026842065994184
19472,0.22026842065994184
19473,0.22026842065994184
19474,0.22026842065994184
19475,0.22026842065994184
19478,0.2200481522392819
19479,0.22679157024040536
19480,0.23141063848065374
19481,0.23141063848065374
19482,0.23141063848065374
19485,0.2311792278421731
19486,0.23249872344303654
19487,0.23249872344303654
19488,0.23249872344303654
19489,0.23249872344303654
19492,0.23249872344303654
19493,0.23249872344303654
19494,0.23249872344303654
19495,0.23249872344303654
19496,0.23249872344303654
19499,0.23249872344303654
19500,0.23249872344303654
19501,0.23249872344303654
19502,0.23249872344303654
19503,0.23249872344303654
19507,0.23249872344303654
19508,0.23226622471959352
19509,0.2295284093690349
19510,0.2295284093690349
19513,0.2295284093690349
19514,0.2295284093690349
19515,0.2295284093690349
19516,0.2295284093690349
19517,0.22929888095966586
19520,0.22020997064661443
19521,0.22199556949002397
19522,0.22199556949002397
19523,0.22199556949002397
19524,0.22177357392053396
19528,0.20022476253691904
19529,0.20398186088547143
19530,0.20696233671198663
19531,0.20675537437527464
19534,0.2070105166143078
19535,0.2070105166143078
19536,0.2070105166143078
19537,0.2070105166143078
19538,0.2070105166143078
19541,0.2070105166143078
19543,0.2070105166143078
19544,0.2070105166143078
19545,0.2070105166143078
19548,0.2070105166143078
19549,0.2070105166143078
19550,0.2070105166143078
19551,0.2070105166143078
19552,0.2070105166143078
19555,0.2070105166143078
19556,0.2070105166143078
19557,0.2070105166143078
19558,0.2070105166143078
19559,0.2070105166143078
19562,0.2070105166143078
19563,0.2070105166143078
19564,0.2070105166143078
19565,0.2068035060976935
19566,0.2098451256094533
19569,0.20963528048384383
19570,0.2157923552516831
19571,0.21215068966952969
19572,0.21215068966952969
19573,0.21215068966952969
19576,0.21215068966952969
19577,0.21215068966952969
19578,0.21215068966952969
19579,0.21193853897986015
19580,0.2137160779556146
19583,0.2137160779556146
19584,0.21350236187765897
19585,0.21147903065688833
19586,0.21147903065688833
19587,0.21147903065688833
19590,0.21147903065688833
19591,0.21147903065688833
19592,0.21147903065688833
19593,0.21147903065688833
19594,0.21126755162623145
19597,0.20327197634345637
19598,0.20327197634345637
19599,0.20327197634345637
19600,0.20327197634345637
19601,0.20327197634345637
19605,0.20327197634345637
19606,0.20327197634345637
19607,0.20327197634345637
19608,0.20327197634345637
19611,0.20327197634345637
19612,0.20327197634345637
19613,0.20327197634345637
19614,0.20327197634345637
19615,0.2030687043671129
19618,0.20375553142987643
19619,0.20375553142987643
19620,0.20375553142987643
19621,0.20355177589844656
19622,0.21063333166189058
19625,0.2119758330223732
19626,0.21543373736164834
19627,0.21485244861005917
19628,0.21162625675721644
19629,0.21162625675721644
19632,0.21141463050045922
19633,0.21749430314809476
19634,0.21643817862606526
19635,0.21094081906996057
19636,0.20505629674069203
19639,0.20505629674069203
19640,0.20505629674069203
19641,0.20505629674069203
19642,0.20505629674069203
19643,0.20505629674069203
19646,0.20485124044395134
19647,0.19912690496965482
19648,0.19912690496965482
19649,0.19892777806468517
19650,0.19310770533538854
19653,0.19291459763005314
19654,0.19345042634253007
19655,0.19924283005772425
19656,0.20760969032969648
19657,0.20657259290808413
19660,0.20373615801748163
19661,0.2041856692938794
19662,0.20268062492064287
19663,0.17428062037435063
19664,0.1621262710421435
19667,0.1617858505646143
19668,0.16858207472709263
19669,0.1707839335792164
19670,0.1707839335792164
19671,0.1707839335792164
19674,0.1707839335792164
19675,0.1707839335792164
19676,0.1707839335792164
19677,0.1707839335792164
19678,0.1707839335792164
19681,0.1707839335792164
19682,0.1707839335792164
19683,0.1707839335792164
19685,0.1707839335792164
19688,0.1707839335792164
19689,0.1707839335792164
19690,0.1707839335792164
19691,0.1707839335792164
19692,0.1707839335792164
19695,0.1707839335792164
19696,0.1707839335792164
19697,0.17061314964563717
19698,0.1687194374090254
19699,0.16758892654857988
19702,0.1743984739859603
19703,0.17079722377476136
19704,0.17062642655098662
19705,0.17254389263444822
19706,0.17421941958285667
19709,0.16884836230805653
19710,0.16884836230805653
19711,0.16884836230805653
19712,0.16884836230805653
19713,0.16884836230805653
19717,0.16884836230805653
19718,0.16884836230805653
19719,0.16884836230805653
19720,0.16884836230805653
19724,0.16884836230805653
19725,0.16884836230805653
19726,0.16884836230805653
19727,0.16884836230805653
19730,0.16884836230805653
19731,0.16884836230805653
19732,0.16884836230805653
19733,0.16867951394574848
19734,0.17454994675376195
19738,0.1743753968070082
19739,0.17408063353686515
19740,0.17408063353686515
19741,0.17408063353686515
19744,0.17408063353686515
19745,0.17408063353686515
19746,0.17408063353686515
19747,0.17408063353686515
19748,0.17408063353686515
19751,0.17408063353686515
19752,0.17408063353686515
19753,0.17408063353686515
19754,0.17408063353686515
19755,0.17408063353686515
19758,0.1739065529033283
19759,0.16348711244138853
19760,0.1623195514968313
19761,0.1624205993598144
19762,0.1624205993598144
19765,0.1622581787604546
19766,0.19941102542065828
19767,0.21461916016902466
19768,0.21252505611807393
19769,0.22802387182907835
19773,0.2402122302341961
19774,0.2517650268752375
19775,0.2544783248677134
19776,0.24178620833865516
19779,0.23683722973684962
19780,0.23721285900637984
19781,0.235195810070047
19782,0.2349561020872185
19783,0.22932786456715795
19786,0.22909853670259078
19787,0.2314874472038675
19788,0.23186102270725228
19789,0.21792775639305592
19790,0.21700905235240298
19793,0.21739670105342393
19794,0.21455327349078077
19795,0.21433872021728997
19796,0.22485665949306596
19797,0.22454306464833498
19800,0.22366739712928552
19801,0.20796600347416494
19802,0.2061584383208843
19803,0.2061584383208843
19804,0.2061584383208843
19807,0.2061584383208843
19808,0.2061584383208843
19809,0.2061584383208843
19810,0.2059522798825634
19814,0.20036873005837302
19815,0.2057916828371374
19816,0.2057916828371374
19817,0.20558589115430026
19818,0.2034662970469001
19821,0.2032628307498532
19822,0.20592944456984877
19823,0.1998962331862496
19824,0.20172952939278296
19825,0.19121306517982348
19828,0.1865131543485133
19829,0.1807799250989596
19830,0.175580018613405
19831,0.16999679314629168
19832,0.16941347335995166
19835,0.17014678421331436
19836,0.17103011156453518
19837,0.17216342402746046
19838,0.16594686903624858
19839,0.16791349911263612
19842,0.1725967400313601
19843,0.1590803273237696
19844,0.15791368775108952
19845,0.18961308417240835
19846,0.1926630296893803
19849,0.20246285296156322
19850,0.20267951096351303
19851,0.20072955079971166
19852,0.2001454895519356
19853,0.2001454895519356
19856,0.19994534406238365
19857,0.19267269598039302
19858,0.19267269598039302
19859,0.19267269598039302
19860,0.19267269598039302
19863,0.19267269598039302
19864,0.19267269598039302
19865,0.19267269598039302
19866,0.19267269598039302
19867,0.19267269598039302
19871,0.19267269598039302
19872,0.19267269598039302
19873,0.19267269598039302
19874,0.19267269598039302
19877,0.19267269598039302
19878,0.19267269598039302
19879,0.19267269598039302
19880,0.19267269598039302
19881,0.19267269598039302
19884,0.19267269598039302
19885,0.19248002328441263
19886,0.17892925945286522
19887,0.1841855460413419
19888,0.18400136049530055
19891,0.18332785646185848
19892,0.18314452860539662
19894,0.17023443955493936
19895,0.16930536095468685
19898,0.16912457158983385
19899,0.17166520215773254
19900,0.17592546130704026
19901,0.179832735440969
19902,0.18177302101309528
19905,0.18740777243568282
19906,0.18046879973520655
19907,0.17642224692020372
19909,0.1762458246732835
19912,0.1814921421606582
19913,0.1814743485006858
19914,0.18684582678973521
19915,0.17803288213609766
19916,0.17159361413797597
19919,0.17047553719584418
19920,0.16590640340531715
19921,0.16574049700191182
19922,0.17014525919796938
19923,0.18152465355457703
19926,0.17455595379223118
19927,0.1765860635199204
19928,0.18883373381046084
19929,0.18027860749938898
19930,0.18027860749938898
19933,0.18027860749938898
19934,0.18027860749938898
19935,0.18027860749938898
19936,0.18027860749938898
19937,0.1800983288918896
19940,0.18112210672167145
19941,0.17613888103209668
19942,0.17479134062355797
19943,0.17004605511674079
19944,0.1743133213667327
19947,0.17413900804536597
19948,0.1707800452410024
19949,0.1707800452410024
19950,0.1707800452410024
19951,0.1707800452410024
19954,0.1707800452410024
19955,0.1707800452410024
19956,0.1707800452410024
19957,0.1707800452410024
19958,0.1707800452410024
19961,0.1707800452410024
19962,0.1707800452410024
19963,0.1706092651957614
19964,0.16786122983552385
19965,0.1691815354542902
19969,0.18296532296386595
19970,0.18488462687220494
19971,0.19314636550874079
19972,0.19865397715029234
19975,0.19713161798578863
19976,0.20352447007588623
19977,0.1984537126935526
19978,0.19512271113995733
19979,0.17821224946759254
19982,0.17174751231682275
19983,0.16315254182343383
19984,0.15924503828796605
19985,0.155220860244486
19986,0.15758752332368262
19989,0.1562741767188303
19990,0.1562741767188303
19991,0.15611790254211147
19992,0.14991867706816353
19993,0.14646926310451433
19996,0.1463227938414098
19997,0.1463227938414098
19998,0.1463227938414098
19999,0.1463227938414098
20000,0.1463227938414098
20003,0.1463227938414098
20004,0.1463227938414098
20005,0.1463227938414098
20006,0.1461764710475684
20007,0.14853192230644988
20010,0.15230603650765406
20011,0.15881757419317216
20012,0.14926433740468745
20013,0.15266289568365266
20014,0.15100756864459616
20017,0.15085656107595158
20018,0.15036401297574972
20019,0.15036401297574972
20020,0.15021364896277398
20021,0.15238857271991157
20024,0.14668972522682225
20025,0.14383972107234497
20026,0.14561153587152273
20027,0.1454659243356512
20028,0.12958735904240318
20031,0.13210703639932508
20032,0.13455062081106592
20033,0.13441607019025487
20034,0.13670210433287974
20035,0.13921897762552235
20038,0.13921897762552235
20039,0.13921897762552235
20040,0.13921897762552235
20041,0.13907975864789682
20042,0.14717634853662745
20045,0.14717634853662745
20046,0.14717634853662745
20047,0.14717634853662745
20048,0.14717634853662745
20049,0.14717634853662745
20052,0.14717634853662745
20053,0.14717634853662745
20054,0.14717634853662745
20056,0.14717634853662745
20059,0.14717634853662745
20060,0.14717634853662745
20061,0.14717634853662745
20062,0.14717634853662745
20063,0.14717634853662745
20066,0.14717634853662745
20067,0.14717634853662745
20068,0.14717634853662745
20069,0.14717634853662745
20070,0.14717634853662745
20073,0.14717634853662745
20074,0.14717634853662745
20075,0.14717634853662745
20076,0.14717634853662745
20077,0.14702917218809083
20080,0.14623030740301549
20081,0.14613795489980003
20083,0.14613795489980003
20084,0.14613795489980003
20087,0.14613795489980003
20088,0.14613795489980003
